-- phpMyAdmin SQL Dump
-- version 3.5.1
-- http://www.phpmyadmin.net
--
-- Хост: 127.0.0.1
-- Время создания: Авг 13 2017 г., 10:46
-- Версия сервера: 5.5.25
-- Версия PHP: 5.3.13

SET SQL_MODE="NO_AUTO_VALUE_ON_ZERO";
SET time_zone = "+00:00";


/*!40101 SET @OLD_CHARACTER_SET_CLIENT=@@CHARACTER_SET_CLIENT */;
/*!40101 SET @OLD_CHARACTER_SET_RESULTS=@@CHARACTER_SET_RESULTS */;
/*!40101 SET @OLD_COLLATION_CONNECTION=@@COLLATION_CONNECTION */;
/*!40101 SET NAMES utf8 */;

--
-- База данных: `journal`
--

-- --------------------------------------------------------

--
-- Структура таблицы `attachment`
--

CREATE TABLE IF NOT EXISTS `attachment` (
  `id` int(11) NOT NULL AUTO_INCREMENT,
  `name` varchar(32) CHARACTER SET cp1251 NOT NULL,
  PRIMARY KEY (`id`),
  UNIQUE KEY `name` (`name`)
) ENGINE=MyISAM  DEFAULT CHARSET=utf8 AUTO_INCREMENT=20 ;

--
-- Дамп данных таблицы `attachment`
--

INSERT INTO `attachment` (`id`, `name`) VALUES
(1, 'НЧ ОПиО'),
(2, 'НЧ БКС'),
(3, 'НЧ УПФЛ'),
(4, 'НЧ УСФЛ'),
(5, 'НЧ УПСЮЛ'),
(6, 'Агрызский РУЭС'),
(7, 'Актанышский РУЭС'),
(8, 'Елабужский РУЭС'),
(9, 'Менделеевский РУЭС'),
(10, 'Мензелинский РУЭС'),
(11, 'Нижнекамский РУЭС'),
(12, 'Заинский РУЭС'),
(13, 'ОИТО НЧ ЗУЭС'),
(14, 'НЧ ПО'),
(15, 'НЧ ГУА'),
(16, 'НЧ СПТУ'),
(17, 'НЧ ГОАО'),
(18, 'Камские Поляны'),
(19, 'УВД НЧ');

-- --------------------------------------------------------

--
-- Структура таблицы `group`
--

CREATE TABLE IF NOT EXISTS `group` (
  `id` int(11) NOT NULL AUTO_INCREMENT,
  `name` varchar(64) NOT NULL,
  PRIMARY KEY (`id`),
  UNIQUE KEY `name` (`name`)
) ENGINE=MyISAM  DEFAULT CHARSET=utf8 AUTO_INCREMENT=9 ;

--
-- Дамп данных таблицы `group`
--

INSERT INTO `group` (`id`, `name`) VALUES
(4, 'ГРО Станционного Каб №919'),
(5, 'ГЭПКД'),
(6, 'ОИТО'),
(7, 'ГРО Оконечного каб №811'),
(8, 'Администрация');

-- --------------------------------------------------------

--
-- Структура таблицы `list`
--

CREATE TABLE IF NOT EXISTS `list` (
  `id` int(11) NOT NULL AUTO_INCREMENT,
  `series` varchar(48) NOT NULL COMMENT 'Индификатор',
  `attachment_id` int(11) NOT NULL COMMENT 'Принадлежность',
  `address` varchar(64) NOT NULL COMMENT 'Номер Абонентской Линии',
  `equipment` varchar(32) NOT NULL COMMENT 'Оборудование',
  `type_equipment` varchar(32) NOT NULL COMMENT 'Тип оборудования',
  `seal` tinyint(1) NOT NULL COMMENT 'Гарантия',
  `cause` text NOT NULL,
  `status` int(1) NOT NULL DEFAULT '1' COMMENT 'Статус заявки',
  `receipt` timestamp NOT NULL DEFAULT CURRENT_TIMESTAMP COMMENT 'Дата получения',
  `issued` timestamp NOT NULL DEFAULT '0000-00-00 00:00:00',
  `got` varchar(32) NOT NULL COMMENT 'Кто получил',
  `group_id` int(11) NOT NULL COMMENT 'Id Отдела',
  `note` text NOT NULL COMMENT 'Примечание',
  `contact` text NOT NULL COMMENT 'Контактное лицо',
  PRIMARY KEY (`id`),
  KEY `group_id` (`group_id`)
) ENGINE=MyISAM  DEFAULT CHARSET=utf8 AUTO_INCREMENT=51 ;

--
-- Дамп данных таблицы `list`
--

INSERT INTO `list` (`id`, `series`, `attachment_id`, `address`, `equipment`, `type_equipment`, `seal`, `cause`, `status`, `receipt`, `issued`, `got`, `group_id`, `note`, `contact`) VALUES
(8, 'vt6747696', 6, '0', 'AudioCodes MP 262', 'Оконечное СПД', 1, 'не принимает настройки с сервера', 3, '2017-07-19 13:36:34', '2017-06-27 21:00:00', ' Инженер Черепанов А. В.', 7, 'Проверен, настроен.', 'Ширяев А.В.'),
(9, '307400583015', 1, '0', 'ЭВОТОР', 'ККМ', 0, 'на настройку', 5, '2017-07-19 13:38:29', '2017-07-08 21:00:00', 'Инженер  Черепанов А.В.', 7, 'настроен', 'Миннуллин Э.Ф.'),
(10, '307401798973', 11, '0', 'ЭВОТОР', 'ККМ', 1, 'на настройку', 5, '2017-07-19 13:40:34', '2017-07-09 21:00:00', 'Инженер  Черепанов А.В.', 7, '', 'Миннуллин'),
(11, '307400725642', 1, '0', 'ЭВОТОР', 'ККМ', 0, 'на настройку', 5, '2017-07-19 13:41:53', '2017-07-08 21:00:00', 'Инженер  Черепанов А.В.', 7, 'Настроен', 'Миннуллин'),
(12, '307401879303', 12, '0', 'ЭВОТОР', 'ККМ', 0, 'на настройку', 5, '2017-07-19 13:43:03', '2017-07-09 21:00:00', 'Инженер  Черепанов А.В.', 7, 'Настроен', 'Миннуллин'),
(13, '307400542054', 18, '0', 'ЭВОТОР', 'ККМ', 0, 'настроить', 5, '2017-07-19 13:44:37', '2017-07-16 21:00:00', 'Инженер  Черепанов А.В.', 7, 'Настроен', 'Миннуллин'),
(30, 'DL1Z1A6002014', 16, '0', 'KVM - 221', 'переферийное оргтехники', 0, '', -1, '2017-07-20 06:24:22', '2017-07-20 21:00:00', 'Инженер  Черепанов А.В.', 7, 'Не исправен, не подлежит ремонту.', 'Главатских'),
(31, '0637980006015780', 8, '0', 'Штрих - М - 01Ф', 'ККМ', 1, '', 3, '2017-07-20 06:42:26', '2017-08-02 21:00:00', 'Инженер  Черепанов А.В.', 7, ' Перепрошита. Установлена на рабочем месте и запущена в работу', 'Мингазетдинова Кристина Евгеньевна +79393320202'),
(32, '138899', 8, '0', 'Прим - 07К', 'ККМ', 0, '', -1, '2017-07-20 06:47:35', '2017-07-18 21:00:00', 'Инженер  Черепанов А.В.', 7, 'Отправлен на ремонт в ЦТО Техносистема г Казань', 'Мингазетдинова Кристина Евгеньевна +79393320202'),
(25, '1001087510', 2, '0', 'Гарнитура "LOGITECH"', 'переферийное оргтехники', 0, 'не работает микрофон', -1, '2017-07-19 13:46:09', '2017-07-30 21:00:00', '', 7, 'не подлежит ремонту', 'Цветкова'),
(26, 'n7160901i005628', 10, '0', 'Sagemcom F@ST 2804.v7 (DSL)', 'Оконечное СПД', 0, 'не видит DSL', -1, '2017-07-19 13:48:22', '2017-06-12 21:00:00', 'Инженер  Черепанов А.В.', 7, 'Неисправен', 'Перяева'),
(27, 'vt8072912', 3, '0', 'AudioCodes MP 262', 'Оконечное СПД', 0, 'не держит настройки', -1, '2017-07-19 13:50:30', '2017-04-10 21:00:00', 'Инженер  Черепанов А.В.', 7, 'Неисправен,не подлежит ремонту.', 'Скучаев'),
(28, 'd05465076', 1, '0', 'AudioCodes MP 202', 'Оконечное СПД', 0, 'на проверку', 4, '2017-07-19 13:52:52', '2017-04-10 21:00:00', 'Инженер  Черепанов А.В.', 7, 'Проверен', 'Адылева'),
(29, '892230', 9, '0', 'ИСТ - 002/2', 'Таксофон', 0, 'не запускается', 7, '2017-07-19 13:55:05', '0000-00-00 00:00:00', 'Эл.механник Зиннуров И.Р.', 7, 'Замена платы ЦПУ', 'Боднарь В.С.'),
(33, '1708087', 1, '', 'Прим - 07К', 'ККМ', 0, 'настроить, установить на РМ', 5, '2017-07-26 10:12:58', '2017-07-25 21:00:00', 'Инженер  Черепанов А.В.', 7, 'Установлена, настроена', 'Сайфуллин А.Р. +78552470008	+79196351782	+79393933533	'),
(34, '1703473', 9, '', 'Прим - 07К', 'ККМ', 0, 'Проверить, не уходят данные на ОФД', 4, '2017-07-26 10:31:11', '0000-00-00 00:00:00', 'Инженер  Черепанов А.В.', 7, 'Проверена, подключена к сети, данные отправлены ОФД', 'Муфтакова Ксения Ринатовна +78554921797	+79061229454	+79027113108'),
(35, '07017311', 9, '', 'ПК КАССА', 'Оргтехника', 0, 'Самопроизвольный перезапуск', 4, '2017-07-26 10:35:51', '2017-07-27 21:00:00', 'Инженер Шматко, инженер Миннулин', 6, '', 'Муфтакова Ксения Ринатовна +78552511707		+79991627855	'),
(36, '008470006030768', 8, '', 'Штрих - М - 01Ф', 'ККМ', 1, 'Настроить', 5, '2017-07-26 13:18:07', '2017-07-25 21:00:00', 'Инженер  Черепанов А.В.', 7, 'ККМ настроена и проверена', 'Якупова Эльвира Тагировна  +78555734938	+79393995200	'),
(37, 'Б/Н', 19, '', 'Т-100', 'Оконечное Телеграфа', 0, 'Подключить после ремонта в помещении', 5, '2017-07-27 05:43:49', '2017-07-26 21:00:00', 'Ст.Электромеханник Зиннуров И Р', 7, 'Подключено после ремонта в помещении', 'Паянов Александр +79196264980'),
(38, 'Б/Н', 19, '', 'Т-100', 'Оконечное Телеграфа', 0, 'Подключить после ремонта в помещении', 5, '2017-07-27 06:12:49', '2017-07-26 21:00:00', 'Ст.Электромеханник Зиннуров И Р', 7, 'Подключено после ремонта в помещении', 'Паянов Александр +79196264980'),
(50, '892080', 7, 'Тукаевский р-н Калинино', 'таксофон', 'ИСТ 002-2', 0, 'Не отзванивается в СДУКТ', 7, '2017-08-11 07:37:36', '2017-08-10 21:00:00', 'Зиннуров И.Р.', 7, 'Замена ЦПУ', 'Валиахметов РН.'),
(40, 'VT6740872', 15, '', 'AudioCodes MP 262', 'Оконечное СПД', 1, 'на проверку', 4, '2017-07-28 11:26:58', '2017-07-28 21:00:00', 'Инженер  Черепанов А.В.', 7, 'Проверен. Норма.', 'Коронова Э.Р.'),
(41, '00307402112030', 6, '', 'ЭВОТОР', 'ККМ', 1, 'настроить', 5, '2017-07-31 07:19:41', '2017-07-30 21:00:00', 'Инженер  Черепанов А.В.', 7, 'настроено', 'Миннулин Э Ф 589722'),
(42, '00307400565281', 8, '', 'ЭВОТОР', 'ККМ', 1, 'настроить', 5, '2017-07-31 07:21:16', '2017-07-30 21:00:00', 'Инженер  Черепанов А.В.', 7, 'настроено', 'Миннулин Э Ф 589722'),
(43, '00307401164460', 1, '', 'ЭВОТОР', 'ККМ', 1, 'настроить', 5, '2017-07-31 07:22:39', '2017-07-30 21:00:00', 'Инженер  Черепанов А.В.', 7, 'настроено', 'Миннулин Э Ф 589722'),
(44, '00307400498152', 10, '', 'ЭВОТОР', 'ККМ', 1, 'настроить', 5, '2017-08-01 11:56:40', '2017-07-31 21:00:00', 'Инженер  Черепанов А.В.', 7, '', 'Махмутов Айдар Раисович\n512012'),
(45, '891783', 7, '', 'таксофон', 'ИСТ 002-2', 0, 'неисправен', 7, '2017-08-04 08:18:07', '2017-08-03 21:00:00', 'Зиннуров И.Р.', 7, 'Замена ЦПУ,Диагностика,отзвон в СДУКТ', 'Исламов Р'),
(46, '891811', 7, '', 'таксофон', 'ИСТ 002-2', 0, 'неисправен', 7, '2017-08-04 08:20:42', '2017-08-03 21:00:00', 'Зиннуров И.Р.', 7, 'Замена ЦПУ, Диагностика, отзвон в СДУКТ.', 'Исламов Р'),
(47, '35136', 8, '', 'таксофон', 'ИСТ 002', 0, 'неисправен', 7, '2017-08-04 08:22:47', '2017-08-03 21:00:00', 'Зиннуров И.Р.', 7, 'Диагностика, отзвон в СДУКТ.', 'Низамутдинов Р.Р.'),
(48, '7160981I011278', 10, '', 'модем', 'Sagemcom F@st 2804', 0, 'не видит DSL', -1, '2017-08-08 06:27:31', '2017-08-07 21:00:00', 'Зиннуров И.Р.', 7, 'Неисправен,не подлежит ремонту', 'Зайнуллин Э.М.');

-- --------------------------------------------------------

--
-- Структура таблицы `users`
--

CREATE TABLE IF NOT EXISTS `users` (
  `id` int(11) NOT NULL AUTO_INCREMENT,
  `login` varchar(22) NOT NULL,
  `password` varchar(64) NOT NULL,
  `fullname` varchar(64) NOT NULL,
  `group_id` int(32) NOT NULL,
  `role` int(4) NOT NULL DEFAULT '1',
  `access_group` text NOT NULL,
  PRIMARY KEY (`id`),
  UNIQUE KEY `login` (`login`),
  KEY `group_id` (`group_id`)
) ENGINE=MyISAM  DEFAULT CHARSET=utf8 AUTO_INCREMENT=34 ;

--
-- Дамп данных таблицы `users`
--

INSERT INTO `users` (`id`, `login`, `password`, `fullname`, `group_id`, `role`, `access_group`) VALUES
(1, 'admin', '39ec37cd2ef52f5cf5e9449345f10dc737d5773c', '', 7, 4, ''),
(23, 'chel22zai', '416f1b839b2ffbb8f193956149490cd2404a09f3', '', 6, 3, '[""]'),
(20, 'chel22chav', '8353839c9f137f2ddf7db3e3f4eb4345528532de', '', 7, 4, '[""]'),
(29, 'chel22shar', 'eb278b4f424716a5d313c9adf659083edcb21772', '', 6, 4, '[""]'),
(22, 'chel22zir', '1ee86a93bf00c607852dbef103daf120e9346cd5', '', 7, 3, '[""]'),
(17, 'test@mail.ru', '0d8848ed9760458ee797d0afe3222768834959b9', '', 7, 2, '[""]'),
(24, 'chel22hii', 'ee838dcfe8f534172a66b470697615205fe4a744', '', 4, 3, '[""]'),
(31, 'chel22gzr', 'c6a6c196eade96208c13fcd6e78b6073134905f4', '', 4, 3, '[""]'),
(26, 'chel22hmi', '1250dd7d317248acccd1c2c3d467122b94d22d8c', '', 4, 3, '[""]'),
(27, 'chel22shsi', 'f5e42b6ad6af5ec6e0d9a91ba51ed765ca419f12', '', 6, 4, '[""]'),
(28, 'chel22mihf', '7381951dbd12e01ef2f818a52acfff2797a754fa', '', 6, 3, '[""]'),
(30, 'chel22mef', '1ae994e0e24bf55acfa2709c5b9a8c6531fd7271', '', 6, 3, '[""]'),
(33, 'chel22llb', 'eb892684ca6a078e46ff1d2470657760e97ae45b', '', 8, 1, '["\\u0413\\u0420\\u041e \\u041e\\u043a\\u043e\\u043d\\u0435\\u0447\\u043d\\u043e\\u0433\\u043e \\u043a\\u0430\\u0431 \\u2116811","\\u0413\\u0420\\u041e \\u0421\\u0442\\u0430\\u043d\\u0446\\u0438\\u043e\\u043d\\u043d\\u043e\\u0433\\u043e \\u041a\\u0430\\u0431 \\u2116919","\\u0413\\u042d\\u041f\\u041a\\u0414"]');

/*!40101 SET CHARACTER_SET_CLIENT=@OLD_CHARACTER_SET_CLIENT */;
/*!40101 SET CHARACTER_SET_RESULTS=@OLD_CHARACTER_SET_RESULTS */;
/*!40101 SET COLLATION_CONNECTION=@OLD_COLLATION_CONNECTION */;
